image_name,target
1623562671264_ISIC_9998234,0.7208980
1623813397163_ISIC_9999302,0.0262117
1625565027640_ISIC_9999809,0.6307841
1625566333848_ISIC_9999889,0.8916909