image_name,target
1623562671264_ISIC_9998234,0.7208980
1623813397163_ISIC_9999302,0.0262117
