image_name,target
1623394479623_testimage1,0.8481037
1623394756667_ISIC_9998234,0.4915242
1623395265648_ISIC_9998234,0.2420615
1623395835916_ISIC_9999302,0.7992416
1623395835916_ISIC_9999302,0.5836707
1623396265936_ISIC_9999302,0.2387992
1623396410801_ISIC_9998234,0.3464632
1623396410801_ISIC_9998234,0.3006403
1623396410801_ISIC_9998234,0.5813491
1623396410801_ISIC_9998234,0.8646948
