image_name,target
1622159915029_testimage1,0.5390797
1622159916378_testimage2,0.3343738
1622188965308_testimage1,0.8619665
1622188966682_testimage2,0.8319752
1623390311430_ISIC_9999302,0.3083758
1623392619681_testimage1,0.9409377
1623392918508_testimage1,0.4485504
