image_name,target
1622159915029_testimage1,0.5390797
1622159916378_testimage2,0.3343738
